﻿<?xml version="1.0" encoding="utf-8"?>
<FinancialDisclosure>
  <Member>
    <Prefix>Hon.</Prefix>
    <Last>Axne</Last>
    <First>Cindy</First>
    <Suffix />
    <FilingType>P</FilingType>
    <StateDst>IA03</StateDst>
    <Year>2023</Year>
    <FilingDate>1/2/2023</FilingDate>
    <DocID>20022202</DocID>
  </Member>
  <Member>
    <Prefix>Hon.</Prefix>
    <Last>Axne</Last>
    <First>Cindy</First>
    <Suffix />
    <FilingType>T</FilingType>
    <StateDst>IA03</StateDst>
    <Year>2023</Year>
    <FilingDate>1/28/2023</FilingDate>
    <DocID>10050798</DocID>
  </Member>
  <Member>
    <Prefix>Hon.</Prefix>
    <Last>Barr</Last>
    <First>Garland "Andy"</First>
    <Suffix />
    <FilingType>G</FilingType>
    <StateDst>KY06</StateDst>
    <Year>2023</Year>
    <FilingDate>1/12/2023</FilingDate>
    <DocID>8219331</DocID>
  </Member>
  <Member>
    <Prefix>Hon.</Prefix>
    <Last>Blumenauer</Last>
    <First>Earl</First>
    <Suffix />
    <FilingType>P</FilingType>
    <StateDst>OR03</StateDst>
    <Year>2023</Year>
    <FilingDate>1/4/2023</FilingDate>
    <DocID>20022225</DocID>
  </Member>
  <Member>
    <Prefix>Hon.</Prefix>
    <Last>Blumenauer</Last>
    <First>Earl</First>
    <Suffix />
    <FilingType>P</FilingType>
    <StateDst>OR03</StateDst>
    <Year>2023</Year>
    <FilingDate>1/12/2023</FilingDate>
    <DocID>20022271</DocID>
  </Member>
  <Member>
    <Prefix>Hon.</Prefix>
    <Last>Bourdeaux</Last>
    <First>Carolyn</First>
    <Suffix />
    <FilingType>X</FilingType>
    <StateDst>GA07</StateDst>
    <Year>2023</Year>
    <FilingDate>1/16/2023</FilingDate>
    <DocID>30017735</DocID>
  </Member>
  <Member>
    <Prefix>Hon.</Prefix>
    <Last>Brooks</Last>
    <First>Mo</First>
    <Suffix />
    <FilingType>X</FilingType>
    <StateDst>AL05</StateDst>
    <Year>2023</Year>
    <FilingDate>1/23/2023</FilingDate>
    <DocID>30017748</DocID>
  </Member>
  <Member>
    <Prefix>Hon.</Prefix>
    <Last>Brown</Last>
    <First>Anthony</First>
    <Suffix />
    <FilingType>T</FilingType>
    <StateDst>MD04</StateDst>
    <Year>2023</Year>
    <FilingDate>1/14/2023</FilingDate>
    <DocID>10050771</DocID>
  </Member>
  <Member>
    <Prefix>Hon.</Prefix>
    <Last>Budd</Last>
    <First>Theodore P.</First>
    <Suffix />
    <FilingType>E</FilingType>
    <StateDst>NC13</StateDst>
    <Year>2023</Year>
    <FilingDate>1/6/2023</FilingDate>
    <DocID>8219324</DocID>
  </Member>
  <Member>
    <Prefix>Hon.</Prefix>
    <Last>Burgess</Last>
    <First>Michael C.</First>
    <Suffix />
    <FilingType>P</FilingType>
    <StateDst>TX26</StateDst>
    <Year>2023</Year>
    <FilingDate>1/25/2023</FilingDate>
    <DocID>20022259</DocID>
  </Member>
  <Member>
    <Prefix>Hon.</Prefix>
    <Last>Burgess</Last>
    <First>Michael C.</First>
    <Suffix />
    <FilingType>P</FilingType>
    <StateDst>TX26</StateDst>
    <Year>2023</Year>
    <FilingDate>2/9/2023</FilingDate>
    <DocID>20022391</DocID>
  </Member>
  <Member>
    <Prefix>Hon.</Prefix>
    <Last>Bustos</Last>
    <First>Cheri</First>
    <Suffix />
    <FilingType>T</FilingType>
    <StateDst>IL17</StateDst>
    <Year>2023</Year>
    <FilingDate>1/24/2023</FilingDate>
    <DocID>10050743</DocID>
  </Member>
  <Member>
    <Prefix>Hon.</Prefix>
    <Last>Cawthorn</Last>
    <First>David Madison</First>
    <Suffix />
    <FilingType>X</FilingType>
    <StateDst>NC11</StateDst>
    <Year>2023</Year>
    <FilingDate>1/23/2023</FilingDate>
    <DocID>30017745</DocID>
  </Member>
  <Member>
    <Prefix>Hon.</Prefix>
    <Last>Chabot</Last>
    <First>Steve</First>
    <Suffix />
    <FilingType>X</FilingType>
    <StateDst>OH01</StateDst>
    <Year>2023</Year>
    <FilingDate>1/23/2023</FilingDate>
    <DocID>30017747</DocID>
  </Member>
  <Member>
    <Prefix>Hon.</Prefix>
    <Last>Cheney</Last>
    <First>Elizabeth</First>
    <Suffix />
    <FilingType>X</FilingType>
    <StateDst>WY00</StateDst>
    <Year>2023</Year>
    <FilingDate>2/2/2023</FilingDate>
    <DocID>30017762</DocID>
  </Member>
  <Member>
    <Prefix />
    <Last>Ching</Last>
    <First>Eric J.</First>
    <Suffix />
    <FilingType>C</FilingType>
    <StateDst>CA38</StateDst>
    <Year>2023</Year>
    <FilingDate>2/1/2023</FilingDate>
    <DocID>10050857</DocID>
  </Member>
  <Member>
    <Prefix>Hon.</Prefix>
    <Last>Cohen</Last>
    <First>Steve</First>
    <Suffix />
    <FilingType>P</FilingType>
    <StateDst>TN09</StateDst>
    <Year>2023</Year>
    <FilingDate>2/4/2023</FilingDate>
    <DocID>20022368</DocID>
  </Member>
  <Member>
    <Prefix>Hon.</Prefix>
    <Last>Connolly</Last>
    <First>Gerald E.</First>
    <Suffix />
    <FilingType>P</FilingType>
    <StateDst>VA11</StateDst>
    <Year>2023</Year>
    <FilingDate>1/24/2023</FilingDate>
    <DocID>20022309</DocID>
  </Member>
  <Member>
    <Prefix>Hon.</Prefix>
    <Last>Conway</Last>
    <First>Connie</First>
    <Suffix />
    <FilingType>X</FilingType>
    <StateDst>CA22</StateDst>
    <Year>2023</Year>
    <FilingDate>2/2/2023</FilingDate>
    <DocID>30017763</DocID>
  </Member>
  <Member>
    <Prefix>Hon.</Prefix>
    <Last>Cooper</Last>
    <First>Jim</First>
    <Suffix />
    <FilingType>X</FilingType>
    <StateDst>TN05</StateDst>
    <Year>2023</Year>
    <FilingDate>1/17/2023</FilingDate>
    <DocID>30017737</DocID>
  </Member>
  <Member>
    <Prefix>Hon.</Prefix>
    <Last>Curtis</Last>
    <First>John</First>
    <Suffix />
    <FilingType>P</FilingType>
    <StateDst>UT03</StateDst>
    <Year>2023</Year>
    <FilingDate>1/10/2023</FilingDate>
    <DocID>20022249</DocID>
  </Member>
  <Member>
    <Prefix>Hon.</Prefix>
    <Last>Davis</Last>
    <First>Rodney</First>
    <Suffix />
    <FilingType>T</FilingType>
    <StateDst>IL13</StateDst>
    <Year>2023</Year>
    <FilingDate>1/14/2023</FilingDate>
    <DocID>10050777</DocID>
  </Member>
  <Member>
    <Prefix>Hon.</Prefix>
    <Last>DeFazio</Last>
    <First>Peter A.</First>
    <Suffix />
    <FilingType>T</FilingType>
    <StateDst>OR04</StateDst>
    <Year>2023</Year>
    <FilingDate>1/14/2023</FilingDate>
    <DocID>10050775</DocID>
  </Member>
  <Member>
    <Prefix>Hon.</Prefix>
    <Last>DelBene</Last>
    <First>Suzan K.</First>
    <Suffix />
    <FilingType>P</FilingType>
    <StateDst>WA01</StateDst>
    <Year>2023</Year>
    <FilingDate>1/2/2023</FilingDate>
    <DocID>20022183</DocID>
  </Member>
  <Member>
    <Prefix>Hon.</Prefix>
    <Last>DelBene</Last>
    <First>Suzan K.</First>
    <Suffix />
    <FilingType>P</FilingType>
    <StateDst>WA01</StateDst>
    <Year>2023</Year>
    <FilingDate>1/21/2023</FilingDate>
    <DocID>20022288</DocID>
  </Member>
  <Member>
    <Prefix>Hon.</Prefix>
    <Last>DelBene</Last>
    <First>Suzan K.</First>
    <Suffix />
    <FilingType>P</FilingType>
    <StateDst>WA01</StateDst>
    <Year>2023</Year>
    <FilingDate>2/6/2023</FilingDate>
    <DocID>20022355</DocID>
  </Member>
  <Member>
    <Prefix>Hon.</Prefix>
    <Last>Demings</Last>
    <First>Valdez 'Val'</First>
    <Suffix />
    <FilingType>X</FilingType>
    <StateDst>FL10</StateDst>
    <Year>2023</Year>
    <FilingDate>1/30/2023</FilingDate>
    <DocID>30017753</DocID>
  </Member>
  <Member>
    <Prefix>Hon.</Prefix>
    <Last>Dingell</Last>
    <First>Debbie</First>
    <Suffix />
    <FilingType>P</FilingType>
    <StateDst>MI12</StateDst>
    <Year>2023</Year>
    <FilingDate>1/1/2023</FilingDate>
    <DocID>20022184</DocID>
  </Member>
  <Member>
    <Prefix>Hon.</Prefix>
    <Last>Dingell</Last>
    <First>Debbie</First>
    <Suffix />
    <FilingType>P</FilingType>
    <StateDst>MI12</StateDst>
    <Year>2023</Year>
    <FilingDate>1/19/2023</FilingDate>
    <DocID>20022293</DocID>
  </Member>
  <Member>
    <Prefix>Hon.</Prefix>
    <Last>Doggett</Last>
    <First>Lloyd</First>
    <Suffix />
    <FilingType>P</FilingType>
    <StateDst>TX35</StateDst>
    <Year>2023</Year>
    <FilingDate>1/5/2023</FilingDate>
    <DocID>20022228</DocID>
  </Member>
  <Member>
    <Prefix>Hon.</Prefix>
    <Last>Flores</Last>
    <First>Mayra Nohemi</First>
    <Suffix />
    <FilingType>X</FilingType>
    <StateDst>TX34</StateDst>
    <Year>2023</Year>
    <FilingDate>2/2/2023</FilingDate>
    <DocID>30017764</DocID>
  </Member>
  <Member>
    <Prefix>Hon.</Prefix>
    <Last>Foxx</Last>
    <First>Virginia</First>
    <Suffix />
    <FilingType>P</FilingType>
    <StateDst>NC05</StateDst>
    <Year>2023</Year>
    <FilingDate>1/3/2023</FilingDate>
    <DocID>20022211</DocID>
  </Member>
  <Member>
    <Prefix>Hon.</Prefix>
    <Last>Foxx</Last>
    <First>Virginia</First>
    <Suffix />
    <FilingType>P</FilingType>
    <StateDst>NC05</StateDst>
    <Year>2023</Year>
    <FilingDate>1/3/2023</FilingDate>
    <DocID>20022213</DocID>
  </Member>
  <Member>
    <Prefix>Hon.</Prefix>
    <Last>Foxx</Last>
    <First>Virginia</First>
    <Suffix />
    <FilingType>P</FilingType>
    <StateDst>NC05</StateDst>
    <Year>2023</Year>
    <FilingDate>2/3/2023</FilingDate>
    <DocID>20022352</DocID>
  </Member>
  <Member>
    <Prefix>Hon.</Prefix>
    <Last>Frankel</Last>
    <First>Lois</First>
    <Suffix />
    <FilingType>P</FilingType>
    <StateDst>FL21</StateDst>
    <Year>2023</Year>
    <FilingDate>1/6/2023</FilingDate>
    <DocID>20022218</DocID>
  </Member>
  <Member>
    <Prefix>Hon.</Prefix>
    <Last>Frankel</Last>
    <First>Lois</First>
    <Suffix />
    <FilingType>P</FilingType>
    <StateDst>FL22</StateDst>
    <Year>2023</Year>
    <FilingDate>2/3/2023</FilingDate>
    <DocID>20022357</DocID>
  </Member>
  <Member>
    <Prefix>Hon.</Prefix>
    <Last>Garcia</Last>
    <First>Michael</First>
    <Suffix />
    <FilingType>P</FilingType>
    <StateDst>CA27</StateDst>
    <Year>2023</Year>
    <FilingDate>1/26/2023</FilingDate>
    <DocID>20022325</DocID>
  </Member>
  <Member>
    <Prefix>Hon.</Prefix>
    <Last>Gibbs</Last>
    <First>Bob</First>
    <Suffix />
    <FilingType>T</FilingType>
    <StateDst>OH07</StateDst>
    <Year>2023</Year>
    <FilingDate>1/25/2023</FilingDate>
    <DocID>10050773</DocID>
  </Member>
  <Member>
    <Prefix>Hon.</Prefix>
    <Last>Gohmert</Last>
    <First>Louie</First>
    <Suffix />
    <FilingType>T</FilingType>
    <StateDst>TX01</StateDst>
    <Year>2023</Year>
    <FilingDate>1/26/2023</FilingDate>
    <DocID>10050825</DocID>
  </Member>
  <Member>
    <Prefix>Hon.</Prefix>
    <Last>Gonzalez</Last>
    <First>Anthony E.</First>
    <Suffix />
    <FilingType>X</FilingType>
    <StateDst>OH16</StateDst>
    <Year>2023</Year>
    <FilingDate>1/18/2023</FilingDate>
    <DocID>30017739</DocID>
  </Member>
  <Member>
    <Prefix>Hon.</Prefix>
    <Last>Gottheimer</Last>
    <First>Josh</First>
    <Suffix />
    <FilingType>P</FilingType>
    <StateDst>NJ05</StateDst>
    <Year>2023</Year>
    <FilingDate>1/13/2023</FilingDate>
    <DocID>20022219</DocID>
  </Member>
  <Member>
    <Prefix>Hon.</Prefix>
    <Last>Green</Last>
    <First>Mark Dr</First>
    <Suffix />
    <FilingType>P</FilingType>
    <StateDst>TN07</StateDst>
    <Year>2023</Year>
    <FilingDate>1/9/2023</FilingDate>
    <DocID>20022193</DocID>
  </Member>
  <Member>
    <Prefix>Hon.</Prefix>
    <Last>Green</Last>
    <First>Mark Dr</First>
    <Suffix />
    <FilingType>P</FilingType>
    <StateDst>TN07</StateDst>
    <Year>2023</Year>
    <FilingDate>1/30/2023</FilingDate>
    <DocID>20022322</DocID>
  </Member>
  <Member>
    <Prefix>Hon.</Prefix>
    <Last>Green</Last>
    <First>Mark Dr</First>
    <Suffix />
    <FilingType>P</FilingType>
    <StateDst>TN07</StateDst>
    <Year>2023</Year>
    <FilingDate>2/5/2023</FilingDate>
    <DocID>20022337</DocID>
  </Member>
  <Member>
    <Prefix>Hon.</Prefix>
    <Last>Guest</Last>
    <First>Michael Patrick</First>
    <Suffix />
    <FilingType>P</FilingType>
    <StateDst>MS03</StateDst>
    <Year>2023</Year>
    <FilingDate>1/19/2023</FilingDate>
    <DocID>20022270</DocID>
  </Member>
  <Member>
    <Prefix>Hon.</Prefix>
    <Last>Hartzler</Last>
    <First>Vicky</First>
    <Suffix />
    <FilingType>T</FilingType>
    <StateDst>MO04</StateDst>
    <Year>2023</Year>
    <FilingDate>1/25/2023</FilingDate>
    <DocID>10050772</DocID>
  </Member>
  <Member>
    <Prefix>Hon.</Prefix>
    <Last>Hern</Last>
    <First>Kevin</First>
    <Suffix />
    <FilingType>P</FilingType>
    <StateDst>OK01</StateDst>
    <Year>2023</Year>
    <FilingDate>1/13/2023</FilingDate>
    <DocID>20022285</DocID>
  </Member>
  <Member>
    <Prefix>Hon.</Prefix>
    <Last>Herrell</Last>
    <First>Stella Yvette</First>
    <Suffix />
    <FilingType>X</FilingType>
    <StateDst>NM02</StateDst>
    <Year>2023</Year>
    <FilingDate>1/30/2023</FilingDate>
    <DocID>30017752</DocID>
  </Member>
  <Member>
    <Prefix>Hon.</Prefix>
    <Last>Herrera Beutler</Last>
    <First>Jaime</First>
    <Suffix />
    <FilingType>T</FilingType>
    <StateDst>WA03</StateDst>
    <Year>2023</Year>
    <FilingDate>1/24/2023</FilingDate>
    <DocID>10050822</DocID>
  </Member>
  <Member>
    <Prefix>Hon.</Prefix>
    <Last>Hice</Last>
    <First>Jody</First>
    <Suffix />
    <FilingType>X</FilingType>
    <StateDst>GA10</StateDst>
    <Year>2023</Year>
    <FilingDate>1/19/2023</FilingDate>
    <DocID>30017744</DocID>
  </Member>
  <Member>
    <Prefix>Hon.</Prefix>
    <Last>Hollingsworth</Last>
    <First>Trey</First>
    <Suffix />
    <FilingType>X</FilingType>
    <StateDst>IN09</StateDst>
    <Year>2023</Year>
    <FilingDate>1/31/2023</FilingDate>
    <DocID>8219346</DocID>
  </Member>
  <Member>
    <Prefix>Hon.</Prefix>
    <Last>Jacobs</Last>
    <First>Christopher L.</First>
    <Suffix />
    <FilingType>P</FilingType>
    <StateDst>NY27</StateDst>
    <Year>2023</Year>
    <FilingDate>1/20/2023</FilingDate>
    <DocID>20022265</DocID>
  </Member>
  <Member>
    <Prefix>Hon.</Prefix>
    <Last>Jacobs</Last>
    <First>Christopher L.</First>
    <Suffix />
    <FilingType>X</FilingType>
    <StateDst>NY27</StateDst>
    <Year>2023</Year>
    <FilingDate>1/11/2023</FilingDate>
    <DocID>30017729</DocID>
  </Member>
  <Member>
    <Prefix>Hon.</Prefix>
    <Last>Kahele</Last>
    <First>Kaiali'I</First>
    <Suffix />
    <FilingType>A</FilingType>
    <StateDst>HI02</StateDst>
    <Year>2023</Year>
    <FilingDate>2/1/2023</FilingDate>
    <DocID>10050844</DocID>
  </Member>
  <Member>
    <Prefix>Hon.</Prefix>
    <Last>Kahele</Last>
    <First>Kaiali'I</First>
    <Suffix />
    <FilingType>T</FilingType>
    <StateDst>HI02</StateDst>
    <Year>2023</Year>
    <FilingDate>1/28/2023</FilingDate>
    <DocID>10050832</DocID>
  </Member>
  <Member>
    <Prefix>Hon.</Prefix>
    <Last>Katko</Last>
    <First>John M.</First>
    <Suffix />
    <FilingType>X</FilingType>
    <StateDst>NY24</StateDst>
    <Year>2023</Year>
    <FilingDate>1/18/2023</FilingDate>
    <DocID>30017740</DocID>
  </Member>
  <Member>
    <Prefix>Hon.</Prefix>
    <Last>Keating</Last>
    <First>William R.</First>
    <Suffix />
    <FilingType>P</FilingType>
    <StateDst>MA09</StateDst>
    <Year>2023</Year>
    <FilingDate>1/30/2023</FilingDate>
    <DocID>20022340</DocID>
  </Member>
  <Member>
    <Prefix>Hon.</Prefix>
    <Last>Khanna</Last>
    <First>Rohit</First>
    <Suffix />
    <FilingType>P</FilingType>
    <StateDst>CA17</StateDst>
    <Year>2023</Year>
    <FilingDate>2/7/2023</FilingDate>
    <DocID>8219353</DocID>
  </Member>
  <Member>
    <Prefix>Hon.</Prefix>
    <Last>Kind</Last>
    <First>Ron</First>
    <Suffix />
    <FilingType>T</FilingType>
    <StateDst>WI03</StateDst>
    <Year>2023</Year>
    <FilingDate>1/27/2023</FilingDate>
    <DocID>10050819</DocID>
  </Member>
  <Member>
    <Prefix>Hon.</Prefix>
    <Last>Kirkpatrick</Last>
    <First>Ann</First>
    <Suffix />
    <FilingType>T</FilingType>
    <StateDst>AZ02</StateDst>
    <Year>2023</Year>
    <FilingDate>1/15/2023</FilingDate>
    <DocID>10050779</DocID>
  </Member>
  <Member>
    <Prefix>Hon.</Prefix>
    <Last>Kustoff</Last>
    <First>David</First>
    <Suffix />
    <FilingType>P</FilingType>
    <StateDst>TN08</StateDst>
    <Year>2023</Year>
    <FilingDate>1/24/2023</FilingDate>
    <DocID>8219339</DocID>
  </Member>
  <Member>
    <Prefix>Hon.</Prefix>
    <Last>Lamb</Last>
    <First>Conor</First>
    <Suffix />
    <FilingType>T</FilingType>
    <StateDst>PA17</StateDst>
    <Year>2023</Year>
    <FilingDate>1/20/2023</FilingDate>
    <DocID>10050805</DocID>
  </Member>
  <Member>
    <Prefix>Hon.</Prefix>
    <Last>Langevin</Last>
    <First>James R.</First>
    <Suffix />
    <FilingType>P</FilingType>
    <StateDst>RI02</StateDst>
    <Year>2023</Year>
    <FilingDate>1/9/2023</FilingDate>
    <DocID>20022212</DocID>
  </Member>
  <Member>
    <Prefix>Hon.</Prefix>
    <Last>Langevin</Last>
    <First>James R.</First>
    <Suffix />
    <FilingType>X</FilingType>
    <StateDst>RI02</StateDst>
    <Year>2023</Year>
    <FilingDate>1/12/2023</FilingDate>
    <DocID>30017732</DocID>
  </Member>
  <Member>
    <Prefix>Hon.</Prefix>
    <Last>Latta</Last>
    <First>Robert E.</First>
    <Suffix />
    <FilingType>P</FilingType>
    <StateDst>OH05</StateDst>
    <Year>2023</Year>
    <FilingDate>2/5/2023</FilingDate>
    <DocID>20022370</DocID>
  </Member>
  <Member>
    <Prefix>Hon.</Prefix>
    <Last>Lawrence</Last>
    <First>Brenda Lulenar</First>
    <Suffix />
    <FilingType>T</FilingType>
    <StateDst>MI14</StateDst>
    <Year>2023</Year>
    <FilingDate>2/9/2023</FilingDate>
    <DocID>10050833</DocID>
  </Member>
  <Member>
    <Prefix />
    <Last>Lesko</Last>
    <First>Debbie</First>
    <Suffix />
    <FilingType>P</FilingType>
    <StateDst>AZ08</StateDst>
    <Year>2023</Year>
    <FilingDate>1/13/2023</FilingDate>
    <DocID>20022221</DocID>
  </Member>
  <Member>
    <Prefix>Hon.</Prefix>
    <Last>Levin</Last>
    <First>Andy</First>
    <Suffix />
    <FilingType>X</FilingType>
    <StateDst>MI09</StateDst>
    <Year>2023</Year>
    <FilingDate>1/24/2023</FilingDate>
    <DocID>30017749</DocID>
  </Member>
  <Member>
    <Prefix>Hon.</Prefix>
    <Last>Long</Last>
    <First>Billy</First>
    <Suffix />
    <FilingType>T</FilingType>
    <StateDst>MO07</StateDst>
    <Year>2023</Year>
    <FilingDate>1/5/2023</FilingDate>
    <DocID>8219325</DocID>
  </Member>
  <Member>
    <Prefix>Hon.</Prefix>
    <Last>Lowenthal</Last>
    <First>Alan S.</First>
    <Suffix />
    <FilingType>X</FilingType>
    <StateDst>CA47</StateDst>
    <Year>2023</Year>
    <FilingDate>1/12/2023</FilingDate>
    <DocID>30017731</DocID>
  </Member>
  <Member>
    <Prefix>Hon.</Prefix>
    <Last>Luria</Last>
    <First>Elaine</First>
    <Suffix />
    <FilingType>T</FilingType>
    <StateDst>VA02</StateDst>
    <Year>2023</Year>
    <FilingDate>2/2/2023</FilingDate>
    <DocID>10050741</DocID>
  </Member>
  <Member>
    <Prefix>Hon.</Prefix>
    <Last>Malinowski</Last>
    <First>Tom</First>
    <Suffix />
    <FilingType>T</FilingType>
    <StateDst>NJ07</StateDst>
    <Year>2023</Year>
    <FilingDate>2/6/2023</FilingDate>
    <DocID>10050875</DocID>
  </Member>
  <Member>
    <Prefix>Hon.</Prefix>
    <Last>Malliotakis</Last>
    <First>Nicole</First>
    <Suffix />
    <FilingType>P</FilingType>
    <StateDst>NY11</StateDst>
    <Year>2023</Year>
    <FilingDate>2/7/2023</FilingDate>
    <DocID>8219352</DocID>
  </Member>
  <Member>
    <Prefix>Hon.</Prefix>
    <Last>Maloney</Last>
    <First>Carolyn B.</First>
    <Suffix />
    <FilingType>T</FilingType>
    <StateDst>NY12</StateDst>
    <Year>2023</Year>
    <FilingDate>2/1/2023</FilingDate>
    <DocID>10050829</DocID>
  </Member>
  <Member>
    <Prefix>Hon.</Prefix>
    <Last>Maloney</Last>
    <First>Sean Patrick</First>
    <Suffix />
    <FilingType>X</FilingType>
    <StateDst>NY18</StateDst>
    <Year>2023</Year>
    <FilingDate>1/26/2023</FilingDate>
    <DocID>30017751</DocID>
  </Member>
  <Member>
    <Prefix>Hon.</Prefix>
    <Last>Manning</Last>
    <First>Kathy</First>
    <Suffix />
    <FilingType>P</FilingType>
    <StateDst>NC06</StateDst>
    <Year>2023</Year>
    <FilingDate>1/10/2023</FilingDate>
    <DocID>20022223</DocID>
  </Member>
  <Member>
    <Prefix />
    <Last>McClellan</Last>
    <First>Jennifer</First>
    <Suffix />
    <FilingType>C</FilingType>
    <StateDst>VA04</StateDst>
    <Year>2023</Year>
    <FilingDate>1/31/2023</FilingDate>
    <DocID>10050813</DocID>
  </Member>
  <Member>
    <Prefix />
    <Last>McClellan</Last>
    <First>Jennifer</First>
    <Suffix />
    <FilingType>X</FilingType>
    <StateDst>VA04</StateDst>
    <Year>2023</Year>
    <FilingDate>1/18/2023</FilingDate>
    <DocID>8219329</DocID>
  </Member>
  <Member>
    <Prefix>Hon.</Prefix>
    <Last>McKinley</Last>
    <First>David B.</First>
    <Suffix />
    <FilingType>T</FilingType>
    <StateDst>WV01</StateDst>
    <Year>2023</Year>
    <FilingDate>1/19/2023</FilingDate>
    <DocID>10050740</DocID>
  </Member>
  <Member>
    <Prefix>Hon.</Prefix>
    <Last>McNerney</Last>
    <First>Jerry</First>
    <Suffix />
    <FilingType>T</FilingType>
    <StateDst>CA09</StateDst>
    <Year>2023</Year>
    <FilingDate>1/22/2023</FilingDate>
    <DocID>10050789</DocID>
  </Member>
  <Member>
    <Prefix>Hon.</Prefix>
    <Last>Miller</Last>
    <First>Carol Devine</First>
    <Suffix />
    <FilingType>P</FilingType>
    <StateDst>WV03</StateDst>
    <Year>2023</Year>
    <FilingDate>1/4/2023</FilingDate>
    <DocID>20022224</DocID>
  </Member>
  <Member>
    <Prefix>Hon.</Prefix>
    <Last>Miller</Last>
    <First>Max</First>
    <Suffix />
    <FilingType>P</FilingType>
    <StateDst>OH07</StateDst>
    <Year>2023</Year>
    <FilingDate>2/3/2023</FilingDate>
    <DocID>8219356</DocID>
  </Member>
  <Member>
    <Prefix>Hon.</Prefix>
    <Last>Moulton</Last>
    <First>Seth</First>
    <Suffix />
    <FilingType>P</FilingType>
    <StateDst>MA06</StateDst>
    <Year>2023</Year>
    <FilingDate>1/27/2023</FilingDate>
    <DocID>20022261</DocID>
  </Member>
  <Member>
    <Prefix>Hon.</Prefix>
    <Last>Moulton</Last>
    <First>Seth</First>
    <Suffix />
    <FilingType>P</FilingType>
    <StateDst>MA06</StateDst>
    <Year>2023</Year>
    <FilingDate>1/30/2023</FilingDate>
    <DocID>20022343</DocID>
  </Member>
  <Member>
    <Prefix>Hon.</Prefix>
    <Last>Murphy</Last>
    <First>Stephanie</First>
    <Suffix />
    <FilingType>X</FilingType>
    <StateDst>FL07</StateDst>
    <Year>2023</Year>
    <FilingDate>1/31/2023</FilingDate>
    <DocID>30017755</DocID>
  </Member>
  <Member>
    <Prefix>Hon.</Prefix>
    <Last>Newman</Last>
    <First>Marie</First>
    <Suffix />
    <FilingType>T</FilingType>
    <StateDst>IL03</StateDst>
    <Year>2023</Year>
    <FilingDate>1/27/2023</FilingDate>
    <DocID>10050812</DocID>
  </Member>
  <Member>
    <Prefix>Hon.</Prefix>
    <Last>Palazzo</Last>
    <First>Steven M.</First>
    <Suffix />
    <FilingType>T</FilingType>
    <StateDst>MS04</StateDst>
    <Year>2023</Year>
    <FilingDate>1/15/2023</FilingDate>
    <DocID>10050778</DocID>
  </Member>
  <Member>
    <Prefix>Hon.</Prefix>
    <Last>Pelosi</Last>
    <First>Nancy</First>
    <Suffix />
    <FilingType>P</FilingType>
    <StateDst>CA11</StateDst>
    <Year>2023</Year>
    <FilingDate>1/25/2023</FilingDate>
    <DocID>20022320</DocID>
  </Member>
  <Member>
    <Prefix>Hon.</Prefix>
    <Last>Pelosi</Last>
    <First>Nancy</First>
    <Suffix />
    <FilingType>P</FilingType>
    <StateDst>CA12</StateDst>
    <Year>2023</Year>
    <FilingDate>1/12/2023</FilingDate>
    <DocID>20022260</DocID>
  </Member>
  <Member>
    <Prefix>Hon.</Prefix>
    <Last>Perlmutter</Last>
    <First>Ed</First>
    <Suffix />
    <FilingType>T</FilingType>
    <StateDst>CO07</StateDst>
    <Year>2023</Year>
    <FilingDate>1/26/2023</FilingDate>
    <DocID>10050787</DocID>
  </Member>
  <Member>
    <Prefix>Hon.</Prefix>
    <Last>Price</Last>
    <First>David E.</First>
    <Suffix />
    <FilingType>X</FilingType>
    <StateDst>NC04</StateDst>
    <Year>2023</Year>
    <FilingDate>1/24/2023</FilingDate>
    <DocID>30017750</DocID>
  </Member>
  <Member>
    <Prefix>Hon.</Prefix>
    <Last>Rice</Last>
    <First>Kathleen</First>
    <Suffix />
    <FilingType>T</FilingType>
    <StateDst>NY04</StateDst>
    <Year>2023</Year>
    <FilingDate>1/30/2023</FilingDate>
    <DocID>10050737</DocID>
  </Member>
  <Member>
    <Prefix>Hon.</Prefix>
    <Last>Rice</Last>
    <First>Tom</First>
    <Suffix />
    <FilingType>T</FilingType>
    <StateDst>SC07</StateDst>
    <Year>2023</Year>
    <FilingDate>1/19/2023</FilingDate>
    <DocID>10050802</DocID>
  </Member>
  <Member>
    <Prefix>Hon.</Prefix>
    <Last>Roybal-Allard</Last>
    <First>Lucille</First>
    <Suffix />
    <FilingType>X</FilingType>
    <StateDst>CA40</StateDst>
    <Year>2023</Year>
    <FilingDate>2/1/2023</FilingDate>
    <DocID>30017761</DocID>
  </Member>
  <Member>
    <Prefix>Hon.</Prefix>
    <Last>Rush</Last>
    <First>Bobby L.</First>
    <Suffix />
    <FilingType>T</FilingType>
    <StateDst>IL01</StateDst>
    <Year>2023</Year>
    <FilingDate>2/9/2023</FilingDate>
    <DocID>10050887</DocID>
  </Member>
  <Member>
    <Prefix>Hon.</Prefix>
    <Last>Salazar</Last>
    <First>Maria Elvira</First>
    <Suffix />
    <FilingType>P</FilingType>
    <StateDst>FL27</StateDst>
    <Year>2023</Year>
    <FilingDate>1/15/2023</FilingDate>
    <DocID>20022272</DocID>
  </Member>
  <Member>
    <Prefix>Hon.</Prefix>
    <Last>San Nicolas</Last>
    <First>Michael Fq</First>
    <Suffix />
    <FilingType>X</FilingType>
    <StateDst>GU00</StateDst>
    <Year>2023</Year>
    <FilingDate>1/30/2023</FilingDate>
    <DocID>30017754</DocID>
  </Member>
  <Member>
    <Prefix>Hon.</Prefix>
    <Last>Schneider</Last>
    <First>Bradley S.</First>
    <Suffix />
    <FilingType>G</FilingType>
    <StateDst>IL10</StateDst>
    <Year>2023</Year>
    <FilingDate>1/27/2023</FilingDate>
    <DocID>8219344</DocID>
  </Member>
  <Member>
    <Prefix>Hon.</Prefix>
    <Last>Schrader</Last>
    <First>Kurt</First>
    <Suffix />
    <FilingType>X</FilingType>
    <StateDst>OR05</StateDst>
    <Year>2023</Year>
    <FilingDate>1/31/2023</FilingDate>
    <DocID>8219347</DocID>
  </Member>
  <Member>
    <Prefix>Hon.</Prefix>
    <Last>Scott</Last>
    <First>Austin</First>
    <Suffix />
    <FilingType>P</FilingType>
    <StateDst>GA08</StateDst>
    <Year>2023</Year>
    <FilingDate>1/23/2023</FilingDate>
    <DocID>20022312</DocID>
  </Member>
  <Member>
    <Prefix>Hon.</Prefix>
    <Last>Sempolinski</Last>
    <First>Joseph</First>
    <Suffix />
    <FilingType>T</FilingType>
    <StateDst>NY23</StateDst>
    <Year>2023</Year>
    <FilingDate>2/1/2023</FilingDate>
    <DocID>10050851</DocID>
  </Member>
  <Member>
    <Prefix>Hon.</Prefix>
    <Last>Sessions</Last>
    <First>Pete</First>
    <Suffix />
    <FilingType>P</FilingType>
    <StateDst>TX17</StateDst>
    <Year>2023</Year>
    <FilingDate>1/2/2023</FilingDate>
    <DocID>20022203</DocID>
  </Member>
  <Member>
    <Prefix>Hon.</Prefix>
    <Last>Sessions</Last>
    <First>Pete</First>
    <Suffix />
    <FilingType>P</FilingType>
    <StateDst>TX17</StateDst>
    <Year>2023</Year>
    <FilingDate>1/17/2023</FilingDate>
    <DocID>20022292</DocID>
  </Member>
  <Member>
    <Prefix />
    <Last>Sigala-Rosario</Last>
    <First>Angelina</First>
    <Suffix />
    <FilingType>C</FilingType>
    <StateDst>CA13</StateDst>
    <Year>2023</Year>
    <FilingDate>1/30/2023</FilingDate>
    <DocID>10050845</DocID>
  </Member>
  <Member>
    <Prefix>Hon.</Prefix>
    <Last>Sires</Last>
    <First>Albio</First>
    <Suffix />
    <FilingType>T</FilingType>
    <StateDst>NJ08</StateDst>
    <Year>2023</Year>
    <FilingDate>2/2/2023</FilingDate>
    <DocID>8219349</DocID>
  </Member>
  <Member>
    <Prefix>Hon.</Prefix>
    <Last>Spartz</Last>
    <First>Victoria</First>
    <Suffix />
    <FilingType>P</FilingType>
    <StateDst>IN05</StateDst>
    <Year>2023</Year>
    <FilingDate>1/12/2023</FilingDate>
    <DocID>20022269</DocID>
  </Member>
  <Member>
    <Prefix>Hon.</Prefix>
    <Last>Speier</Last>
    <First>Jackie</First>
    <Suffix />
    <FilingType>T</FilingType>
    <StateDst>CA14</StateDst>
    <Year>2023</Year>
    <FilingDate>2/2/2023</FilingDate>
    <DocID>10050818</DocID>
  </Member>
  <Member>
    <Prefix>Hon.</Prefix>
    <Last>Suozzi</Last>
    <First>Thomas</First>
    <Suffix />
    <FilingType>X</FilingType>
    <StateDst>NY03</StateDst>
    <Year>2023</Year>
    <FilingDate>1/31/2023</FilingDate>
    <DocID>30017756</DocID>
  </Member>
  <Member>
    <Prefix>Hon.</Prefix>
    <Last>Taylor</Last>
    <First>Nicholas V.</First>
    <Suffix />
    <FilingType>T</FilingType>
    <StateDst>TX03</StateDst>
    <Year>2023</Year>
    <FilingDate>2/2/2023</FilingDate>
    <DocID>10050834</DocID>
  </Member>
  <Member>
    <Prefix>Hon.</Prefix>
    <Last>Thanedar</Last>
    <First>Shri</First>
    <Suffix />
    <FilingType>P</FilingType>
    <StateDst>MI13</StateDst>
    <Year>2023</Year>
    <FilingDate>2/9/2023</FilingDate>
    <DocID>20022380</DocID>
  </Member>
  <Member>
    <Prefix>Hon.</Prefix>
    <Last>Upton</Last>
    <First>Fred</First>
    <Suffix />
    <FilingType>X</FilingType>
    <StateDst>MI06</StateDst>
    <Year>2023</Year>
    <FilingDate>1/31/2023</FilingDate>
    <DocID>8219345</DocID>
  </Member>
  <Member>
    <Prefix />
    <Last>Wheeler</Last>
    <First>Gregory</First>
    <Suffix />
    <FilingType>C</FilingType>
    <StateDst>OH13</StateDst>
    <Year>2023</Year>
    <FilingDate>1/6/2023</FilingDate>
    <DocID>10050729</DocID>
  </Member>
  <Member>
    <Prefix>Hon.</Prefix>
    <Last>Wittman</Last>
    <First>Robert J.</First>
    <Suffix />
    <FilingType>P</FilingType>
    <StateDst>VA01</StateDst>
    <Year>2023</Year>
    <FilingDate>1/5/2023</FilingDate>
    <DocID>20022227</DocID>
  </Member>
  <Member>
    <Prefix>Hon.</Prefix>
    <Last>Yakym</Last>
    <First>Rudy</First>
    <Suffix>III</Suffix>
    <FilingType>P</FilingType>
    <StateDst>IN02</StateDst>
    <Year>2023</Year>
    <FilingDate>2/3/2023</FilingDate>
    <DocID>20022362</DocID>
  </Member>
  <Member>
    <Prefix>Hon.</Prefix>
    <Last>Zeldin</Last>
    <First>Lee Michael</First>
    <Suffix />
    <FilingType>T</FilingType>
    <StateDst>NY01</StateDst>
    <Year>2023</Year>
    <FilingDate>2/1/2023</FilingDate>
    <DocID>10050852</DocID>
  </Member>
</FinancialDisclosure>